2025-03-28 01:56:12.828776,init,0,0
2025-03-28 01:56:12.831658,fit_init,452,0
2025-03-28 01:56:39.743306,fit_end,5750,7696
2025-03-28 01:56:59.532330,init,0,0
2025-03-28 01:56:59.534892,eval_init,234,0
2025-03-28 01:57:04.102814,eval_end,3723,7190
2025-03-28 01:57:23.498783,init,0,0
2025-03-28 01:57:23.501827,fit_init,452,0
2025-03-28 01:57:50.802293,fit_end,4695,7374
2025-03-28 01:58:11.525485,init,0,0
2025-03-28 01:58:11.528190,eval_init,234,0
2025-03-28 01:58:16.182498,eval_end,3563,7148
2025-03-28 01:58:36.404100,init,0,0
2025-03-28 01:58:36.407947,fit_init,234,0
2025-03-28 01:59:03.631804,fit_end,5015,7810
2025-03-28 01:59:23.919199,init,0,0
2025-03-28 01:59:23.922665,eval_init,234,0
2025-03-28 01:59:28.605037,eval_end,3723,7148
