Timestamp (s),Power (mW)
2025-03-28 01:49:11.734045,5964.67
2025-03-28 01:49:11.745660,5964.67
2025-03-28 01:49:11.757073,5924.10
2025-03-28 01:49:11.768487,5924.10
2025-03-28 01:49:11.779877,5883.52
2025-03-28 01:49:11.791268,5842.94
2025-03-28 01:49:11.802665,5842.94
2025-03-28 01:49:11.814258,5842.94
2025-03-28 01:49:11.825765,5802.37
2025-03-28 01:49:11.837324,5802.37
2025-03-28 01:49:11.848847,5761.79
2025-03-28 01:49:11.860337,5761.79
2025-03-28 01:49:11.871899,5721.22
2025-03-28 01:49:11.883461,5721.22
2025-03-28 01:49:11.894987,5680.64
2025-03-28 01:49:11.906465,5680.64
2025-03-28 01:49:11.917987,5640.06
2025-03-28 01:49:11.929512,5640.06
2025-03-28 01:49:11.941017,5640.06
2025-03-28 01:49:11.952549,5599.49
2025-03-28 01:49:11.964137,5599.49
2025-03-28 01:49:11.975615,5558.91
2025-03-28 01:49:11.987085,5558.91
2025-03-28 01:49:11.998557,5558.91
2025-03-28 01:49:12.010043,5518.34
2025-03-28 01:49:12.021554,5518.34
2025-03-28 01:49:12.033107,5518.34
2025-03-28 01:49:12.044675,5518.34
2025-03-28 01:49:12.056202,5477.76
2025-03-28 01:49:12.067686,5477.76
2025-03-28 01:49:12.079183,5477.76
2025-03-28 01:49:12.090687,5437.18
2025-03-28 01:49:12.102206,5437.18
2025-03-28 01:49:12.113694,5437.18
2025-03-28 01:49:12.125227,5437.18
2025-03-28 01:49:12.136767,5396.61
2025-03-28 01:49:12.148255,5396.61
2025-03-28 01:49:12.159727,5396.61
2025-03-28 01:49:12.171216,5396.61
2025-03-28 01:49:12.182699,5356.03
2025-03-28 01:49:12.194167,5356.03
2025-03-28 01:49:12.205681,5356.03
2025-03-28 01:49:12.217207,5356.03
2025-03-28 01:49:12.228738,5356.03
2025-03-28 01:49:12.240272,5315.46
2025-03-28 01:49:12.251808,5315.46
2025-03-28 01:49:12.263313,5315.46
2025-03-28 01:49:12.274799,5315.46
2025-03-28 01:49:12.286275,5315.46
2025-03-28 01:49:12.297753,5315.46
2025-03-28 01:49:12.309221,5274.88
2025-03-28 01:49:12.320694,5274.88
2025-03-28 01:49:12.332160,5274.88
2025-03-28 01:49:12.343631,5274.88
2025-03-28 01:49:12.355165,5274.88
2025-03-28 01:49:12.366618,5274.88
2025-03-28 01:49:12.378117,5234.30
2025-03-28 01:49:12.389620,5234.30
2025-03-28 01:49:12.401079,5242.56
2025-03-28 01:49:12.412596,5242.56
2025-03-28 01:49:12.424056,5242.56
2025-03-28 01:49:12.435611,5242.56
2025-03-28 01:49:12.447127,5242.56
2025-03-28 01:49:12.458657,5242.56
2025-03-28 01:49:12.470134,5201.92
2025-03-28 01:49:12.481656,5193.73
2025-03-28 01:49:12.493155,5201.92
2025-03-28 01:49:12.504709,5201.92
2025-03-28 01:49:12.516181,5201.92
2025-03-28 01:49:12.527676,5201.92
2025-03-28 01:49:12.539179,5193.73
2025-03-28 01:49:12.550671,5201.92
2025-03-28 01:49:12.562160,5201.92
2025-03-28 01:49:12.573689,5201.92
2025-03-28 01:49:12.585171,5201.92
2025-03-28 01:49:12.596653,5161.28
2025-03-28 01:49:12.608131,5161.28
2025-03-28 01:49:12.619693,5161.28
2025-03-28 01:49:12.631296,5161.28
2025-03-28 01:49:12.642892,5161.28
2025-03-28 01:49:12.654383,5153.15
2025-03-28 01:49:12.665903,5161.28
2025-03-28 01:49:12.677402,5161.28
2025-03-28 01:49:12.688960,5161.28
2025-03-28 01:49:12.700465,5161.28
2025-03-28 01:49:12.711937,5161.28
2025-03-28 01:49:12.723408,5161.28
2025-03-28 01:49:12.734941,5161.28
2025-03-28 01:49:12.747659,5161.28
2025-03-28 01:49:12.759286,5161.28
2025-03-28 01:49:12.770844,5161.28
2025-03-28 01:49:12.782351,5161.28
2025-03-28 01:49:12.793845,5161.28
2025-03-28 01:49:12.805445,5161.28
2025-03-28 01:49:12.816930,5161.28
2025-03-28 01:49:12.828405,5153.15
2025-03-28 01:49:12.840058,5161.28
2025-03-28 01:49:12.851694,5161.28
2025-03-28 01:49:12.863308,5161.28
2025-03-28 01:49:12.874871,5161.28
2025-03-28 01:49:12.886411,5161.28
2025-03-28 01:49:12.897920,5161.28
2025-03-28 01:49:12.909560,5161.28
2025-03-28 01:49:12.921057,5161.28
2025-03-28 01:49:12.932589,5161.28
2025-03-28 01:49:12.944075,5161.28
2025-03-28 01:49:12.955536,5120.64
2025-03-28 01:49:12.967025,5120.64
2025-03-28 01:49:12.978556,5120.64
2025-03-28 01:49:12.990055,5120.64
2025-03-28 01:49:13.001544,5120.64
2025-03-28 01:49:13.013023,5120.64
2025-03-28 01:49:13.024543,5112.58
2025-03-28 01:49:13.036075,5120.64
2025-03-28 01:49:13.047606,5120.64
2025-03-28 01:49:13.059080,5120.64
2025-03-28 01:49:13.070623,5120.64
2025-03-28 01:49:13.082132,5120.64
2025-03-28 01:49:13.093626,5112.58
2025-03-28 01:49:13.105154,5120.64
2025-03-28 01:49:13.116686,5120.64
2025-03-28 01:49:13.128165,5120.64
2025-03-28 01:49:13.141073,5120.64
2025-03-28 01:49:13.154720,5120.64
2025-03-28 01:49:13.166630,5112.58
2025-03-28 01:49:13.178240,5120.64
2025-03-28 01:49:13.189742,5120.64
2025-03-28 01:49:13.201266,5120.64
2025-03-28 01:49:13.212804,5120.64
2025-03-28 01:49:13.224282,5120.64
2025-03-28 01:49:13.235763,5120.64
2025-03-28 01:49:13.247238,5120.64
2025-03-28 01:49:13.258764,5120.64
2025-03-28 01:49:13.270251,5120.64
2025-03-28 01:49:13.281722,5120.64
2025-03-28 01:49:13.293212,5080.00
2025-03-28 01:49:13.304677,5080.00
2025-03-28 01:49:13.316151,5080.00
2025-03-28 01:49:13.327629,5080.00
2025-03-28 01:49:13.339135,5080.00
2025-03-28 01:49:13.350607,5080.00
2025-03-28 01:49:13.362132,5080.00
2025-03-28 01:49:13.373658,5080.00
2025-03-28 01:49:13.385157,5080.00
2025-03-28 01:49:13.396632,5080.00
2025-03-28 01:49:13.408080,5080.00
2025-03-28 01:49:13.419592,5080.00
2025-03-28 01:49:13.431095,5080.00
2025-03-28 01:49:13.442608,5080.00
2025-03-28 01:49:13.454139,5080.00
2025-03-28 01:49:13.465868,5080.00
2025-03-28 01:49:13.477393,5080.00
2025-03-28 01:49:13.488914,5080.00
2025-03-28 01:49:13.500423,5080.00
2025-03-28 01:49:13.511910,5080.00
2025-03-28 01:49:13.523370,5080.00
2025-03-28 01:49:13.534845,5080.00
2025-03-28 01:49:13.546345,5080.00
2025-03-28 01:49:13.557806,5080.00
2025-03-28 01:49:13.569285,5080.00
2025-03-28 01:49:13.580798,5080.00
2025-03-28 01:49:13.592276,5080.00
2025-03-28 01:49:13.603812,5080.00
2025-03-28 01:49:13.615320,5080.00
2025-03-28 01:49:13.626794,5080.00
2025-03-28 01:49:13.638282,5080.00
2025-03-28 01:49:13.649764,5080.00
2025-03-28 01:49:13.661286,5080.00
2025-03-28 01:49:13.672776,5080.00
2025-03-28 01:49:13.684234,5080.00
2025-03-28 01:49:13.695695,5080.00
2025-03-28 01:49:13.707185,5080.00
2025-03-28 01:49:13.718684,5080.00
2025-03-28 01:49:13.730146,5080.00
2025-03-28 01:49:13.741613,5080.00
2025-03-28 01:49:13.753109,5080.00
2025-03-28 01:49:13.764601,5080.00
2025-03-28 01:49:13.776147,5080.00
2025-03-28 01:49:13.787681,5080.00
2025-03-28 01:49:13.799169,5080.00
2025-03-28 01:49:13.810663,5080.00
2025-03-28 01:49:13.822148,5080.00
2025-03-28 01:49:13.833613,5080.00
2025-03-28 01:49:13.845118,5080.00
2025-03-28 01:49:13.856733,5080.00
2025-03-28 01:49:13.868258,5080.00
2025-03-28 01:49:13.879788,5080.00
2025-03-28 01:49:13.891319,5080.00
2025-03-28 01:49:13.902803,5080.00
2025-03-28 01:49:13.914321,5080.00
2025-03-28 01:49:13.925792,5080.00
2025-03-28 01:49:13.937281,5080.00
2025-03-28 01:49:13.948815,5080.00
2025-03-28 01:49:13.960280,5080.00
2025-03-28 01:49:13.971760,5072.00
2025-03-28 01:49:13.983284,5080.00
2025-03-28 01:49:13.994795,5080.00
2025-03-28 01:49:14.006281,5080.00
2025-03-28 01:49:14.017759,5080.00
2025-03-28 01:49:14.029264,5080.00
2025-03-28 01:49:14.040783,5080.00
2025-03-28 01:49:14.052297,5080.00
2025-03-28 01:49:14.063785,5080.00
2025-03-28 01:49:14.075359,5080.00
2025-03-28 01:49:14.086974,5080.00
2025-03-28 01:49:14.098498,5080.00
2025-03-28 01:49:14.110013,5080.00
2025-03-28 01:49:14.121496,5080.00
2025-03-28 01:49:14.132950,5080.00
2025-03-28 01:49:14.144439,5080.00
2025-03-28 01:49:14.155920,5080.00
2025-03-28 01:49:14.167378,5080.00
2025-03-28 01:49:14.178842,5080.00
2025-03-28 01:49:14.190349,5080.00
2025-03-28 01:49:14.201815,5080.00
2025-03-28 01:49:14.213310,5080.00
2025-03-28 01:49:14.224785,5080.00
2025-03-28 01:49:14.236269,5080.00
2025-03-28 01:49:14.247767,5080.00
2025-03-28 01:49:14.259314,5080.00
2025-03-28 01:49:14.270783,5080.00
2025-03-28 01:49:14.282311,5080.00
2025-03-28 01:49:14.310314,5112.58
2025-03-28 01:49:14.321989,5120.64
2025-03-28 01:49:14.333551,5120.64
2025-03-28 01:49:14.345073,5120.64
2025-03-28 01:49:14.356570,5120.64
2025-03-28 01:49:14.368028,5080.00
2025-03-28 01:49:14.379526,5080.00
2025-03-28 01:49:14.391181,5080.00
2025-03-28 01:49:14.402667,5080.00
2025-03-28 01:49:14.414154,5080.00
2025-03-28 01:49:14.425676,5080.00
2025-03-28 01:49:14.437207,5080.00
2025-03-28 01:49:14.448723,5080.00
2025-03-28 01:49:14.460278,5080.00
2025-03-28 01:49:14.471876,5080.00
2025-03-28 01:49:14.483386,5080.00
2025-03-28 01:49:14.494904,5080.00
2025-03-28 01:49:14.506405,5080.00
2025-03-28 01:49:14.517877,5080.00
2025-03-28 01:49:14.529374,5080.00
2025-03-28 01:49:14.540855,5080.00
2025-03-28 01:49:14.552306,5080.00
2025-03-28 01:49:14.563779,5080.00
2025-03-28 01:49:14.575283,5080.00
2025-03-28 01:49:14.586787,5072.00
2025-03-28 01:49:14.598283,5080.00
2025-03-28 01:49:14.609753,5080.00
2025-03-28 01:49:14.621208,5080.00
2025-03-28 01:49:14.632689,5080.00
2025-03-28 01:49:14.644219,5080.00
2025-03-28 01:49:14.655708,5080.00
2025-03-28 01:49:14.667229,5080.00
2025-03-28 01:49:14.679467,5072.00
2025-03-28 01:49:14.691878,5072.00
2025-03-28 01:49:14.703391,5080.00
2025-03-28 01:49:14.714897,5080.00
2025-03-28 01:49:14.726409,5080.00
2025-03-28 01:49:14.737870,5080.00
2025-03-28 01:49:14.749359,5080.00
2025-03-28 01:49:14.760904,5080.00
2025-03-28 01:49:14.772375,5080.00
2025-03-28 01:49:14.783860,5080.00
2025-03-28 01:49:14.795388,5080.00
2025-03-28 01:49:14.806876,5080.00
2025-03-28 01:49:14.818403,5080.00
2025-03-28 01:49:14.829920,5080.00
2025-03-28 01:49:14.841460,5080.00
2025-03-28 01:49:14.852991,5080.00
2025-03-28 01:49:14.864501,5072.00
2025-03-28 01:49:14.876037,5080.00
2025-03-28 01:49:14.887620,5080.00
2025-03-28 01:49:14.899144,5080.00
2025-03-28 01:49:14.910593,5080.00
2025-03-28 01:49:14.922063,5080.00
2025-03-28 01:49:14.933584,5080.00
2025-03-28 01:49:14.945053,5080.00
2025-03-28 01:49:14.956541,5080.00
2025-03-28 01:49:14.968000,5080.00
2025-03-28 01:49:14.979491,5080.00
2025-03-28 01:49:14.990966,5072.00
2025-03-28 01:49:15.002519,5080.00
2025-03-28 01:49:15.014265,5112.58
2025-03-28 01:49:15.025938,5120.64
2025-03-28 01:49:15.037627,5080.00
2025-03-28 01:49:15.049202,5080.00
2025-03-28 01:49:15.060735,5080.00
2025-03-28 01:49:15.072304,5080.00
2025-03-28 01:49:15.083837,5080.00
2025-03-28 01:49:15.095343,5080.00
2025-03-28 01:49:15.106810,5080.00
2025-03-28 01:49:15.118336,5080.00
2025-03-28 01:49:15.129816,5080.00
2025-03-28 01:49:15.141291,5080.00
2025-03-28 01:49:15.152762,5080.00
2025-03-28 01:49:15.164237,5080.00
2025-03-28 01:49:15.175702,5080.00
2025-03-28 01:49:15.187187,5080.00
2025-03-28 01:49:15.198724,5080.00
2025-03-28 01:49:15.210266,5080.00
2025-03-28 01:49:15.221778,5080.00
2025-03-28 01:49:15.233265,5080.00
2025-03-28 01:49:15.244757,5080.00
2025-03-28 01:49:15.256226,5080.00
2025-03-28 01:49:15.267733,5080.00
2025-03-28 01:49:15.279263,5080.00
2025-03-28 01:49:15.290774,5080.00
2025-03-28 01:49:15.302267,5080.00
2025-03-28 01:49:15.313792,5080.00
2025-03-28 01:49:15.325340,5080.00
2025-03-28 01:49:15.336908,5080.00
2025-03-28 01:49:15.348388,5080.00
2025-03-28 01:49:15.359857,5080.00
2025-03-28 01:49:15.371329,5080.00
2025-03-28 01:49:15.382798,5080.00
2025-03-28 01:49:15.394267,5080.00
2025-03-28 01:49:15.405780,5080.00
2025-03-28 01:49:15.417267,5080.00
2025-03-28 01:49:15.428770,5080.00
2025-03-28 01:49:15.440230,5080.00
2025-03-28 01:49:15.451687,5080.00
2025-03-28 01:49:15.463151,5080.00
2025-03-28 01:49:15.474686,5080.00
2025-03-28 01:49:15.486157,5080.00
2025-03-28 01:49:15.497713,5080.00
2025-03-28 01:49:15.509218,5080.00
2025-03-28 01:49:15.520690,5072.00
2025-03-28 01:49:15.532191,5080.00
2025-03-28 01:49:15.543661,5080.00
2025-03-28 01:49:15.555131,5080.00
2025-03-28 01:49:15.566607,5072.00
2025-03-28 01:49:15.578111,5080.00
2025-03-28 01:49:15.589575,5080.00
2025-03-28 01:49:15.601043,5080.00
2025-03-28 01:49:15.612570,5080.00
2025-03-28 01:49:15.624051,5080.00
2025-03-28 01:49:15.635566,5072.00
2025-03-28 01:49:15.647047,5080.00
2025-03-28 01:49:15.658528,5080.00
2025-03-28 01:49:15.670047,5080.00
2025-03-28 01:49:15.681584,5080.00
2025-03-28 01:49:15.693052,5080.00
2025-03-28 01:49:15.704686,5072.00
2025-03-28 01:49:15.717051,5080.00
2025-03-28 01:49:15.728603,5080.00
2025-03-28 01:49:15.740092,5080.00
2025-03-28 01:49:15.751588,5080.00
2025-03-28 01:49:15.763101,5080.00
2025-03-28 01:49:15.774559,5080.00
2025-03-28 01:49:15.786048,5080.00
2025-03-28 01:49:15.797504,5080.00
2025-03-28 01:49:15.809029,5080.00
2025-03-28 01:49:15.820525,5080.00
2025-03-28 01:49:15.832019,5080.00
2025-03-28 01:49:15.843533,5080.00
2025-03-28 01:49:15.855014,5080.00
2025-03-28 01:49:15.866554,5080.00
2025-03-28 01:49:15.878177,5080.00
2025-03-28 01:49:15.889727,5080.00
2025-03-28 01:49:15.901287,5080.00
2025-03-28 01:49:15.912888,5080.00
2025-03-28 01:49:15.924369,5080.00
2025-03-28 01:49:15.935855,5080.00
2025-03-28 01:49:15.947436,5080.00
2025-03-28 01:49:15.958896,5080.00
2025-03-28 01:49:15.970380,5080.00
2025-03-28 01:49:15.981838,5080.00
2025-03-28 01:49:15.993387,5072.00
2025-03-28 01:49:16.004883,5072.00
2025-03-28 01:49:16.016412,5072.00
2025-03-28 01:49:16.027919,5080.00
2025-03-28 01:49:16.039397,5080.00
2025-03-28 01:49:16.050859,5080.00
2025-03-28 01:49:16.062362,5080.00
2025-03-28 01:49:16.073855,5080.00
2025-03-28 01:49:16.085386,5072.00
2025-03-28 01:49:16.096863,5080.00
2025-03-28 01:49:16.108368,5080.00
2025-03-28 01:49:16.119860,5080.00
2025-03-28 01:49:16.131313,5080.00
2025-03-28 01:49:16.142846,5080.00
2025-03-28 01:49:16.154357,5080.00
2025-03-28 01:49:16.165830,5080.00
2025-03-28 01:49:16.177345,5080.00
2025-03-28 01:49:16.188811,5080.00
2025-03-28 01:49:16.200300,5080.00
2025-03-28 01:49:16.212886,5072.00
2025-03-28 01:49:16.227014,5080.00
2025-03-28 01:49:16.238522,5080.00
2025-03-28 01:49:16.249995,5080.00
2025-03-28 01:49:16.261523,5080.00
2025-03-28 01:49:16.273031,5080.00
2025-03-28 01:49:16.284556,5080.00
2025-03-28 01:49:16.296025,5080.00
2025-03-28 01:49:16.307563,5080.00
2025-03-28 01:49:16.319059,5080.00
2025-03-28 01:49:16.330564,5080.00
2025-03-28 01:49:16.342127,5080.00
2025-03-28 01:49:16.353621,5080.00
2025-03-28 01:49:16.365078,5080.00
2025-03-28 01:49:16.376538,5080.00
2025-03-28 01:49:16.388006,5080.00
2025-03-28 01:49:16.399502,5080.00
2025-03-28 01:49:16.410998,5080.00
2025-03-28 01:49:16.422519,5080.00
2025-03-28 01:49:16.434026,5080.00
2025-03-28 01:49:16.445520,5080.00
2025-03-28 01:49:16.457047,5080.00
2025-03-28 01:49:16.468564,5080.00
2025-03-28 01:49:16.480071,5080.00
2025-03-28 01:49:16.491614,5080.00
2025-03-28 01:49:16.503115,5080.00
2025-03-28 01:49:16.514616,5080.00
2025-03-28 01:49:16.526111,5072.00
2025-03-28 01:49:16.537786,5080.00
2025-03-28 01:49:16.549340,5080.00
2025-03-28 01:49:16.560847,5080.00
2025-03-28 01:49:16.572352,5080.00
2025-03-28 01:49:16.583860,5080.00
2025-03-28 01:49:16.595413,5080.00
2025-03-28 01:49:16.606897,5080.00
2025-03-28 01:49:16.618402,5080.00
2025-03-28 01:49:16.629864,5080.00
2025-03-28 01:49:16.641368,5080.00
2025-03-28 01:49:16.652852,5080.00
2025-03-28 01:49:16.664324,5080.00
2025-03-28 01:49:16.675833,5080.00
2025-03-28 01:49:16.687387,5080.00
2025-03-28 01:49:16.698897,5080.00
2025-03-28 01:49:16.710371,5080.00
2025-03-28 01:49:16.721865,5080.00
2025-03-28 01:49:16.733369,5080.00
2025-03-28 01:49:16.744869,5072.00
2025-03-28 01:49:16.756351,5080.00
2025-03-28 01:49:16.767868,5080.00
2025-03-28 01:49:16.779364,5080.00
2025-03-28 01:49:16.790924,5080.00
2025-03-28 01:49:16.802430,5072.00
2025-03-28 01:49:16.813976,5080.00
2025-03-28 01:49:16.827388,5080.00
2025-03-28 01:49:16.841145,5080.00
2025-03-28 01:49:16.852671,5112.58
2025-03-28 01:49:16.864115,5120.64
2025-03-28 01:49:16.875506,5120.64
2025-03-28 01:49:16.886906,5120.64
2025-03-28 01:49:16.898443,5120.64
2025-03-28 01:49:16.910014,5120.64
2025-03-28 01:49:16.921499,5120.64
2025-03-28 01:49:16.933107,5120.64
2025-03-28 01:49:16.944620,5120.64
2025-03-28 01:49:16.956110,5120.64
2025-03-28 01:49:16.967576,5120.64
2025-03-28 01:49:16.979031,5120.64
2025-03-28 01:49:16.990543,5120.64
2025-03-28 01:49:17.002152,5080.00
2025-03-28 01:49:17.013644,5080.00
2025-03-28 01:49:17.025191,5080.00
2025-03-28 01:49:17.036722,5080.00
2025-03-28 01:49:17.048257,5080.00
2025-03-28 01:49:17.059758,5080.00
2025-03-28 01:49:17.071303,5080.00
2025-03-28 01:49:17.082793,5072.00
2025-03-28 01:49:17.094327,5080.00
2025-03-28 01:49:17.105815,5072.00
2025-03-28 01:49:17.117333,5080.00
2025-03-28 01:49:17.128793,5080.00
2025-03-28 01:49:17.140282,5120.64
2025-03-28 01:49:17.151836,5120.64
2025-03-28 01:49:17.163311,5080.00
2025-03-28 01:49:17.174840,5080.00
2025-03-28 01:49:17.186333,5080.00
2025-03-28 01:49:17.197785,5080.00
2025-03-28 01:49:17.209289,5080.00
2025-03-28 01:49:17.220780,5080.00
2025-03-28 01:49:17.232283,5080.00
2025-03-28 01:49:17.243800,5072.00
2025-03-28 01:49:17.255273,5080.00
2025-03-28 01:49:17.266772,5080.00
2025-03-28 01:49:17.278267,5080.00
2025-03-28 01:49:17.289767,5080.00
2025-03-28 01:49:17.301322,5080.00
2025-03-28 01:49:17.312825,5080.00
2025-03-28 01:49:17.324306,5072.00
2025-03-28 01:49:17.335844,5080.00
2025-03-28 01:49:17.347371,5080.00
2025-03-28 01:49:17.358879,5080.00
2025-03-28 01:49:17.370345,5080.00
2025-03-28 01:49:17.381832,5080.00
2025-03-28 01:49:17.393334,5080.00
2025-03-28 01:49:17.404869,5080.00
2025-03-28 01:49:17.416342,5080.00
2025-03-28 01:49:17.427849,5072.00
2025-03-28 01:49:17.439346,5080.00
2025-03-28 01:49:17.457255,5072.00
2025-03-28 01:49:17.468834,5080.00
2025-03-28 01:49:17.480332,5080.00
2025-03-28 01:49:17.491870,5080.00
2025-03-28 01:49:17.503380,5080.00
2025-03-28 01:49:17.514850,5080.00
2025-03-28 01:49:17.526303,5080.00
2025-03-28 01:49:17.537824,5080.00
2025-03-28 01:49:17.549295,5080.00
2025-03-28 01:49:17.560784,5080.00
2025-03-28 01:49:17.572296,5080.00
2025-03-28 01:49:17.583761,5080.00
2025-03-28 01:49:17.595219,5080.00
2025-03-28 01:49:17.606679,5080.00
2025-03-28 01:49:17.618155,5080.00
2025-03-28 01:49:17.629668,5080.00
2025-03-28 01:49:17.641167,5080.00
2025-03-28 01:49:17.652634,5080.00
2025-03-28 01:49:17.664114,5080.00
2025-03-28 01:49:17.675558,5080.00
2025-03-28 01:49:17.687048,5080.00
2025-03-28 01:49:17.698561,5080.00
2025-03-28 01:49:17.710034,5080.00
2025-03-28 01:49:17.721483,5080.00
2025-03-28 01:49:17.732913,5080.00
2025-03-28 01:49:17.744367,5080.00
2025-03-28 01:49:17.755817,5072.00
2025-03-28 01:49:17.767277,5072.00
2025-03-28 01:49:17.778773,5080.00
2025-03-28 01:49:17.790251,5080.00
2025-03-28 01:49:17.801709,5080.00
2025-03-28 01:49:17.813203,5080.00
2025-03-28 01:49:17.824661,5080.00
2025-03-28 01:49:17.836181,5080.00
2025-03-28 01:49:17.847699,5080.00
2025-03-28 01:49:17.859157,5080.00
2025-03-28 01:49:17.870590,5080.00
2025-03-28 01:49:17.882061,5080.00
2025-03-28 01:49:17.893562,5080.00
2025-03-28 01:49:17.905090,5080.00
2025-03-28 01:49:17.916568,5080.00
2025-03-28 01:49:17.928040,5080.00
2025-03-28 01:49:17.939519,5080.00
2025-03-28 01:49:17.951190,5080.00
2025-03-28 01:49:17.962784,5080.00
2025-03-28 01:49:17.974300,5080.00
2025-03-28 01:49:17.985816,5080.00
2025-03-28 01:49:17.997349,5080.00
2025-03-28 01:49:18.008837,5080.00
2025-03-28 01:49:18.020381,5080.00
2025-03-28 01:49:18.031968,5080.00
2025-03-28 01:49:18.043527,5072.00
2025-03-28 01:49:18.055760,5072.00
2025-03-28 01:49:18.069539,5080.00
2025-03-28 01:49:18.081071,5080.00
2025-03-28 01:49:18.092555,5080.00
2025-03-28 01:49:18.104086,5080.00
2025-03-28 01:49:18.115568,5080.00
2025-03-28 01:49:18.127045,5080.00
2025-03-28 01:49:18.138566,5080.00
2025-03-28 01:49:18.150031,5080.00
2025-03-28 01:49:18.161523,5080.00
2025-03-28 01:49:18.172965,5080.00
2025-03-28 01:49:18.184450,5080.00
2025-03-28 01:49:18.195965,5080.00
2025-03-28 01:49:18.207450,5080.00
2025-03-28 01:49:18.218973,5080.00
2025-03-28 01:49:18.230444,5080.00
2025-03-28 01:49:18.241995,5080.00
2025-03-28 01:49:18.253494,5080.00
2025-03-28 01:49:18.265019,5080.00
2025-03-28 01:49:18.276516,5080.00
2025-03-28 01:49:18.288021,5080.00
2025-03-28 01:49:18.299543,5080.00
2025-03-28 01:49:18.311081,5080.00
2025-03-28 01:49:18.322601,5080.00
2025-03-28 01:49:18.334088,5080.00
2025-03-28 01:49:18.345631,5080.00
2025-03-28 01:49:18.357121,5080.00
2025-03-28 01:49:18.368806,5072.00
2025-03-28 01:49:18.382185,5112.58
2025-03-28 01:49:18.393787,5112.58
2025-03-28 01:49:18.405805,5153.15
2025-03-28 01:49:18.421532,5193.73
2025-03-28 01:49:18.444783,5234.30
2025-03-28 01:49:18.480648,5274.88
2025-03-28 01:49:18.492387,5274.88
2025-03-28 01:49:18.504076,5274.88
2025-03-28 01:49:18.515817,5274.88
2025-03-28 01:49:18.527622,5315.46
2025-03-28 01:49:18.539199,5315.46
2025-03-28 01:49:18.550735,5356.03
2025-03-28 01:49:18.562290,5356.03
2025-03-28 01:49:18.573862,5396.61
2025-03-28 01:49:18.588083,5396.61
2025-03-28 01:49:18.600798,5437.18
2025-03-28 01:49:18.612342,5437.18
2025-03-28 01:49:18.624081,5437.18
2025-03-28 01:49:18.635674,5477.76
2025-03-28 01:49:18.647269,5477.76
2025-03-28 01:49:18.658880,5518.34
2025-03-28 01:49:18.670460,5518.34
2025-03-28 01:49:18.682045,5518.34
2025-03-28 01:49:18.693564,5518.34
2025-03-28 01:49:18.705134,5558.91
2025-03-28 01:49:18.716682,5558.91
2025-03-28 01:49:18.728158,5558.91
2025-03-28 01:49:18.739640,5599.49
2025-03-28 01:49:18.751217,5599.49
2025-03-28 01:49:18.762800,5599.49
2025-03-28 01:49:18.774335,5599.49
2025-03-28 01:49:18.785857,5640.06
2025-03-28 01:49:18.797408,5640.06
2025-03-28 01:49:18.809070,5640.06
2025-03-28 01:49:18.820772,5680.64
2025-03-28 01:49:18.832443,5680.64
2025-03-28 01:49:18.844076,5680.64
2025-03-28 01:49:18.855660,5680.64
2025-03-28 01:49:18.867182,5721.22
2025-03-28 01:49:18.878826,5721.22
2025-03-28 01:49:18.890459,5721.22
2025-03-28 01:49:18.901943,5761.79
2025-03-28 01:49:18.913414,5761.79
2025-03-28 01:49:18.924967,5761.79
2025-03-28 01:49:18.936728,5761.79
2025-03-28 01:49:18.948551,5802.37
2025-03-28 01:49:18.960241,5802.37
2025-03-28 01:49:18.971960,5802.37
2025-03-28 01:49:18.984176,5802.37
2025-03-28 01:49:18.995894,5802.37
2025-03-28 01:49:19.007756,5842.94
2025-03-28 01:49:19.019773,5842.94
2025-03-28 01:49:19.031583,5842.94
2025-03-28 01:49:19.045697,5842.94
2025-03-28 01:49:19.057350,5842.94
2025-03-28 01:49:19.069750,5842.94
2025-03-28 01:49:19.081368,5842.94
2025-03-28 01:49:19.092886,5883.52
2025-03-28 01:49:19.104732,5883.52
2025-03-28 01:49:19.116488,5883.52
2025-03-28 01:49:19.128385,5883.52
2025-03-28 01:49:19.140226,5883.52
2025-03-28 01:49:19.152152,5883.52
2025-03-28 01:49:19.163886,5883.52
2025-03-28 01:49:19.177422,5883.52
2025-03-28 01:49:19.189170,5924.10
2025-03-28 01:49:19.200875,5924.10
2025-03-28 01:49:19.212665,5924.10
2025-03-28 01:49:19.224305,5924.10
2025-03-28 01:49:19.236082,5924.10
2025-03-28 01:49:19.247927,5924.10
2025-03-28 01:49:19.259670,5924.10
2025-03-28 01:49:19.271765,5924.10
2025-03-28 01:49:19.284407,5924.10
2025-03-28 01:49:19.295953,5964.67
2025-03-28 01:49:19.310086,5964.67
2025-03-28 01:49:19.321772,5964.67
2025-03-28 01:49:19.333367,5964.67
2025-03-28 01:49:19.345066,5964.67
2025-03-28 01:49:19.356704,5964.67
2025-03-28 01:49:19.368496,5964.67
2025-03-28 01:49:19.380258,5964.67
2025-03-28 01:49:19.391994,5964.67
2025-03-28 01:49:19.404433,5964.67
2025-03-28 01:49:19.416310,5964.67
2025-03-28 01:49:19.427914,5964.67
2025-03-28 01:49:19.441556,5964.67
2025-03-28 01:49:19.453200,5964.67
2025-03-28 01:49:19.465468,5964.67
2025-03-28 01:49:19.477102,5964.67
2025-03-28 01:49:19.488863,6005.25
2025-03-28 01:49:19.500686,6005.25
2025-03-28 01:49:19.512276,6005.25
2025-03-28 01:49:19.524112,6005.25
2025-03-28 01:49:19.535806,6005.25
2025-03-28 01:49:19.547651,6005.25
2025-03-28 01:49:19.559320,6005.25
2025-03-28 01:49:19.572350,6005.25
2025-03-28 01:49:19.583982,6005.25
2025-03-28 01:49:19.597210,6005.25
2025-03-28 01:49:19.608886,6005.25
2025-03-28 01:49:19.620493,6005.25
2025-03-28 01:49:19.632232,6005.25
2025-03-28 01:49:19.643745,6005.25
2025-03-28 01:49:19.655415,6005.25
2025-03-28 01:49:19.667001,6005.25
2025-03-28 01:49:19.678765,6005.25
2025-03-28 01:49:19.690480,6005.25
2025-03-28 01:49:19.702329,6005.25
2025-03-28 01:49:19.713995,6005.25
2025-03-28 01:49:19.726870,6005.25
2025-03-28 01:49:19.738593,6005.25
2025-03-28 01:49:19.750457,6005.25
2025-03-28 01:49:19.762108,6005.25
2025-03-28 01:49:19.773659,6005.25
2025-03-28 01:49:19.785520,6005.25
2025-03-28 01:49:19.797291,6045.82
2025-03-28 01:49:19.809125,6005.25
2025-03-28 01:49:19.820781,6045.82
2025-03-28 01:49:19.832527,6045.82
2025-03-28 01:49:19.845569,6045.82
2025-03-28 01:49:19.857522,6045.82
2025-03-28 01:49:19.869907,6045.82
2025-03-28 01:49:19.882478,6045.82
2025-03-28 01:49:19.894045,6045.82
2025-03-28 01:49:19.905977,6045.82
2025-03-28 01:49:19.917706,6045.82
2025-03-28 01:49:19.929368,6045.82
2025-03-28 01:49:19.941197,6045.82
2025-03-28 01:49:19.952943,6045.82
2025-03-28 01:49:19.964752,6045.82
2025-03-28 01:49:19.976462,6045.82
2025-03-28 01:49:19.988255,6045.82
2025-03-28 01:49:19.999994,6045.82
2025-03-28 01:49:20.012109,6045.82
2025-03-28 01:49:20.023849,6045.82
2025-03-28 01:49:20.036388,6045.82
2025-03-28 01:49:20.048028,6045.82
2025-03-28 01:49:20.061496,6045.82
2025-03-28 01:49:20.073129,6045.82
2025-03-28 01:49:20.084872,6045.82
2025-03-28 01:49:20.096533,6045.82
2025-03-28 01:49:20.108139,6045.82
2025-03-28 01:49:20.119925,6045.82
2025-03-28 01:49:20.131509,6045.82
2025-03-28 01:49:20.143416,6045.82
2025-03-28 01:49:20.155052,6045.82
2025-03-28 01:49:20.167008,6045.82
2025-03-28 01:49:20.178909,6045.82
2025-03-28 01:49:20.190850,6045.82
2025-03-28 01:49:20.203073,6045.82
2025-03-28 01:49:20.215567,6045.82
2025-03-28 01:49:20.227316,6045.82
2025-03-28 01:49:20.241040,6045.82
2025-03-28 01:49:20.252729,6045.82
2025-03-28 01:49:20.266598,6045.82
2025-03-28 01:49:20.278247,6045.82
2025-03-28 01:49:20.290240,6045.82
2025-03-28 01:49:20.301906,6045.82
2025-03-28 01:49:20.313523,6045.82
2025-03-28 01:49:20.325146,6045.82
2025-03-28 01:49:20.336884,6045.82
2025-03-28 01:49:20.348629,6045.82
2025-03-28 01:49:20.360332,6045.82
2025-03-28 01:49:20.372066,6045.82
2025-03-28 01:49:20.384071,6045.82
2025-03-28 01:49:20.395940,6045.82
2025-03-28 01:49:20.407608,6045.82
2025-03-28 01:49:20.420921,6045.82
2025-03-28 01:49:20.432490,6045.82
2025-03-28 01:49:20.444757,6045.82
2025-03-28 01:49:20.456343,6045.82
2025-03-28 01:49:20.467937,6045.82
2025-03-28 01:49:20.479656,6045.82
2025-03-28 01:49:20.491381,6045.82
2025-03-28 01:49:20.503127,6045.82
2025-03-28 01:49:20.514817,6045.82
2025-03-28 01:49:20.526498,6045.82
2025-03-28 01:49:20.538242,6045.82
2025-03-28 01:49:20.550093,6045.82
2025-03-28 01:49:20.562675,6045.82
2025-03-28 01:49:20.574589,6045.82
2025-03-28 01:49:20.586647,6045.82
2025-03-28 01:49:20.599003,6045.82
2025-03-28 01:49:20.610607,6045.82
2025-03-28 01:49:20.623567,6045.82
2025-03-28 01:49:20.635132,6045.82
2025-03-28 01:49:20.647673,6045.82
2025-03-28 01:49:20.659290,6045.82
2025-03-28 01:49:20.670823,6045.82
2025-03-28 01:49:20.682460,6045.82
2025-03-28 01:49:20.694013,6045.82
2025-03-28 01:49:20.705729,6045.82
2025-03-28 01:49:20.717444,6045.82
2025-03-28 01:49:20.729184,6045.82
2025-03-28 01:49:20.740896,6045.82
2025-03-28 01:49:20.752894,6045.82
2025-03-28 01:49:20.764624,6045.82
2025-03-28 01:49:20.777518,6045.82
2025-03-28 01:49:20.789319,6045.82
2025-03-28 01:49:20.802562,6045.82
2025-03-28 01:49:20.814182,6045.82
2025-03-28 01:49:20.827391,6045.82
2025-03-28 01:49:20.838945,6045.82
2025-03-28 01:49:20.850557,6045.82
2025-03-28 01:49:20.862179,6045.82
2025-03-28 01:49:20.873778,6045.82
2025-03-28 01:49:20.885388,6045.82
2025-03-28 01:49:20.897114,6045.82
2025-03-28 01:49:20.908982,6045.82
2025-03-28 01:49:20.920768,6045.82
2025-03-28 01:49:20.932718,6045.82
2025-03-28 01:49:20.945094,6045.82
2025-03-28 01:49:20.956991,6045.82
2025-03-28 01:49:20.968740,6045.82
2025-03-28 01:49:20.981696,6045.82
2025-03-28 01:49:20.993477,6045.82
2025-03-28 01:49:21.005146,6045.82
2025-03-28 01:49:21.016889,6045.82
2025-03-28 01:49:21.028582,6045.82
2025-03-28 01:49:21.040403,6045.82
2025-03-28 01:49:21.052083,6045.82
2025-03-28 01:49:21.063932,6045.82
2025-03-28 01:49:21.075546,6045.82
2025-03-28 01:49:21.087405,6045.82
2025-03-28 01:49:21.099731,6045.82
2025-03-28 01:49:21.111610,6045.82
2025-03-28 01:49:21.123453,6045.82
2025-03-28 01:49:21.135983,6045.82
2025-03-28 01:49:21.147563,6045.82
2025-03-28 01:49:21.161084,6045.82
2025-03-28 01:49:21.172814,6045.82
2025-03-28 01:49:21.185457,6045.82
2025-03-28 01:49:21.197075,6045.82
2025-03-28 01:49:21.209548,6045.82
2025-03-28 01:49:21.221101,6045.82
2025-03-28 01:49:21.232734,6045.82
2025-03-28 01:49:21.244287,6045.82
2025-03-28 01:49:21.255960,6045.82
2025-03-28 01:49:21.267766,6045.82
2025-03-28 01:49:21.279493,6045.82
2025-03-28 01:49:21.291224,6045.82
2025-03-28 01:49:21.302833,6045.82
2025-03-28 01:49:21.314762,6045.82
2025-03-28 01:49:21.327490,6045.82
2025-03-28 01:49:21.339409,6045.82
2025-03-28 01:49:21.351450,6045.82
2025-03-28 01:49:21.363892,6045.82
2025-03-28 01:49:21.375562,6045.82
2025-03-28 01:49:21.388397,6045.82
2025-03-28 01:49:21.400113,6045.82
2025-03-28 01:49:21.412233,6045.82
2025-03-28 01:49:21.423782,6045.82
2025-03-28 01:49:21.435413,6045.82
2025-03-28 01:49:21.447154,6045.82
2025-03-28 01:49:21.458787,6045.82
2025-03-28 01:49:21.470553,6045.82
2025-03-28 01:49:21.482260,6045.82
2025-03-28 01:49:21.494078,6045.82
2025-03-28 01:49:21.505703,6045.82
2025-03-28 01:49:21.517673,6045.82
2025-03-28 01:49:21.530076,6045.82
2025-03-28 01:49:21.542013,6045.82
2025-03-28 01:49:21.554159,6045.82
2025-03-28 01:49:21.567038,6045.82
2025-03-28 01:49:21.578686,6045.82
2025-03-28 01:49:21.590467,6045.82
2025-03-28 01:49:21.602149,6045.82
2025-03-28 01:49:21.613715,6045.82
2025-03-28 01:49:21.625326,6045.82
2025-03-28 01:49:21.637011,6045.82
2025-03-28 01:49:21.648824,6045.82
2025-03-28 01:49:21.660401,6045.82
2025-03-28 01:49:21.672195,6045.82
2025-03-28 01:49:21.683923,6045.82
2025-03-28 01:49:21.695687,6045.82
2025-03-28 01:49:21.708088,6045.82
2025-03-28 01:49:21.720068,6045.82
2025-03-28 01:49:21.731689,6045.82
2025-03-28 01:49:21.744281,6045.82
2025-03-28 01:49:21.755938,6045.82
2025-03-28 01:49:21.769185,6045.82
2025-03-28 01:49:21.780978,6045.82
2025-03-28 01:49:21.792837,6045.82
2025-03-28 01:49:21.804527,6045.82
2025-03-28 01:49:21.816052,6045.82
2025-03-28 01:49:21.827630,6045.82
2025-03-28 01:49:21.839467,6045.82
2025-03-28 01:49:21.851183,6045.82
2025-03-28 01:49:21.862843,6045.82
2025-03-28 01:49:21.874656,6045.82
2025-03-28 01:49:21.886402,6045.82
2025-03-28 01:49:21.898312,6045.82
2025-03-28 01:49:21.910477,6045.82
2025-03-28 01:49:21.922304,6045.82
2025-03-28 01:49:21.934858,6045.82
2025-03-28 01:49:21.947419,6045.82
2025-03-28 01:49:21.959003,6045.82
2025-03-28 01:49:21.972269,6045.82
2025-03-28 01:49:21.983941,6045.82
2025-03-28 01:49:21.997066,6045.82
2025-03-28 01:49:22.008652,6045.82
2025-03-28 01:49:22.020981,6045.82
2025-03-28 01:49:22.032566,6045.82
2025-03-28 01:49:22.044210,6045.82
2025-03-28 01:49:22.055936,6045.82
2025-03-28 01:49:22.067662,6045.82
2025-03-28 01:49:22.079468,6045.82
2025-03-28 01:49:22.091183,6045.82
2025-03-28 01:49:22.102925,6045.82
2025-03-28 01:49:22.114612,6045.82
2025-03-28 01:49:22.126307,6045.82
2025-03-28 01:49:22.138193,6045.82
2025-03-28 01:49:22.150155,6045.82
2025-03-28 01:49:22.162131,6045.82
2025-03-28 01:49:22.174541,6045.82
2025-03-28 01:49:22.186272,6045.82
2025-03-28 01:49:22.199233,6045.82
2025-03-28 01:49:22.210901,6045.82
2025-03-28 01:49:22.222658,6045.82
2025-03-28 01:49:22.234258,6045.82
2025-03-28 01:49:22.245874,6045.82
2025-03-28 01:49:22.257457,6045.82
2025-03-28 01:49:22.269132,6045.82
2025-03-28 01:49:22.280734,6045.82
2025-03-28 01:49:22.292515,6045.82
2025-03-28 01:49:22.304369,6045.82
2025-03-28 01:49:22.315949,6045.82
2025-03-28 01:49:22.327900,6045.82
2025-03-28 01:49:22.340681,6045.82
2025-03-28 01:49:22.352744,6045.82
2025-03-28 01:49:22.364839,6045.82
2025-03-28 01:49:22.377129,6045.82
2025-03-28 01:49:22.388713,6045.82
2025-03-28 01:49:22.400489,6045.82
2025-03-28 01:49:22.412115,6045.82
2025-03-28 01:49:22.423685,6045.82
2025-03-28 01:49:22.435314,6045.82
2025-03-28 01:49:22.447148,6045.82
2025-03-28 01:49:22.458969,6045.82
2025-03-28 01:49:22.470621,6045.82
2025-03-28 01:49:22.482262,6045.82
2025-03-28 01:49:22.493834,6045.82
2025-03-28 01:49:22.505724,6045.82
2025-03-28 01:49:22.517410,6045.82
2025-03-28 01:49:22.529280,6045.82
2025-03-28 01:49:22.541040,6045.82
2025-03-28 01:49:22.553816,6045.82
2025-03-28 01:49:22.566246,6045.82
2025-03-28 01:49:22.578483,6045.82
2025-03-28 01:49:22.590141,6045.82
2025-03-28 01:49:22.603174,6045.82
2025-03-28 01:49:22.614898,6045.82
2025-03-28 01:49:22.626874,6045.82
2025-03-28 01:49:22.638514,6045.82
2025-03-28 01:49:22.650209,6045.82
2025-03-28 01:49:22.661792,6045.82
2025-03-28 01:49:22.673464,6045.82
2025-03-28 01:49:22.685295,6045.82
2025-03-28 01:49:22.696967,6045.82
2025-03-28 01:49:22.708754,6045.82
2025-03-28 01:49:22.720441,6045.82
2025-03-28 01:49:22.732207,6045.82
2025-03-28 01:49:22.744312,6045.82
2025-03-28 01:49:22.756170,6045.82
2025-03-28 01:49:22.768330,6045.82
2025-03-28 01:49:22.780557,6045.82
2025-03-28 01:49:22.792100,6045.82
2025-03-28 01:49:22.803911,6045.82
2025-03-28 01:49:22.815731,6045.82
2025-03-28 01:49:22.827330,6045.82
2025-03-28 01:49:22.838975,6045.82
2025-03-28 01:49:22.850615,6045.82
2025-03-28 01:49:22.862447,6045.82
2025-03-28 01:49:22.874255,6045.82
2025-03-28 01:49:22.886053,6045.82
2025-03-28 01:49:22.897714,6045.82
2025-03-28 01:49:22.909477,6045.82
2025-03-28 01:49:22.921313,6045.82
2025-03-28 01:49:22.933253,6045.82
2025-03-28 01:49:22.945239,6045.82
2025-03-28 01:49:22.957174,6045.82
2025-03-28 01:49:22.968898,6045.82
2025-03-28 01:49:22.980775,6045.82
2025-03-28 01:49:22.993307,6045.82
2025-03-28 01:49:23.004778,6005.25
2025-03-28 01:49:23.016179,5964.67
2025-03-28 01:49:23.027645,5964.67
2025-03-28 01:49:23.039242,5924.10
2025-03-28 01:49:23.050747,5924.10
2025-03-28 01:49:23.062242,5883.52
2025-03-28 01:49:23.073944,5883.52
